Hiragana,Romaji,hand_labels,hand_landmarks
Hiragana,Romaji,hand_labels,hand_landmarks
Hiragana,Romaji,hand_labels,hand_landmarks
Hiragana,Romaji,hand_labels,hand_landmarks
Hiragana,Romaji,hand_labels,hand_landmarks
Hiragana,Romaji,hand_labels,hand_landmarks
Hiragana,Romaji,hand_labels,hand_landmarks
Hiragana,Romaji,hand_labels,hand_landmarks
Hiragana,Romaji,hand_labels,hand_landmarks
Hiragana,Romaji,hand_labels,hand_landmarks
Hiragana,Romaji,hand_labels,hand_landmarks
Hiragana,Romaji,hand_labels,hand_landmarks
Hiragana,Romaji,hand_labels,hand_landmarks